{"1":{"scale":[1.1029980182648,1.100998044014,1],"UID":798,"preview":{"color":-1,"img":"2"},"bone":6,"model":19043,"tags":{},"position":[-0.018998000770807,-0.010998000390828,-0.022998999804258],"name":"Часы","rotation":[51.200016021729,70.499969482422,142.80001831055]},"2":{"scale":[1.1029980182648,1.100998044014,1],"UID":799,"preview":{"color":-1,"img":"1"},"bone":6,"model":19042,"tags":{},"position":[-0.018998000770807,-0.010998000390828,-0.022998999804258],"name":"Часы","rotation":[51.200016021729,70.499969482422,142.80001831055]},"3":{"scale":[1.1029980182648,1.100998044014,1],"UID":101188,"preview":{"color":-1535560961,"img":"2152"},"bone":6,"tags":["arizona"],"position":[-0.018998000770807,-0.010998000390828,-0.022998999804258],"name":"Часы 'Gucci'","rotation":[51.200016021729,70.499969482422,142.80001831055]},"4":{"scale":[1.1029980182648,1.100998044014,1],"UID":101189,"preview":{"color":-1535560961,"img":"2151"},"bone":6,"tags":["arizona"],"position":[-0.018998000770807,-0.010998000390828,-0.022998999804258],"name":"Часы 'Rolex Submariner'","rotation":[51.200016021729,70.499969482422,142.80001831055]},"unique":{},"default":{}}